"","unit_code","street_ad","scity_ad","state_ad","szip_ad","Address","lon","lat"
"117","100307","50 College Road NE","Bolivia","NC",28422,"50 College Road NE ,  Bolivia   NC",NA,NA
"135","110304","1 Rocket Drive","Asheville","NC",28803,"1 Rocket Drive ,  Asheville   NC",-82.477241,35.545811
"140","110322","340 Victoria Road","Asheville","NC",28801,"340 Victoria Road ,  Asheville   NC",-82.554934,35.574038
"141","110323","340 Victoria Road","Asheville","NC",28801,"340 Victoria Road ,  Asheville   NC",-82.554934,35.574038
"145","110336","99 Lake Eden Road","Black Mountain","NC",28711,"99 Lake Eden Road ,  Black Mountain   NC",-82.3734121,35.6189247
"158","110380","890 Clarks Chapel Road","Weaverville","NC",28787,"890 Clarks Chapel Road ,  Weaverville   NC",-82.557616,35.739801
"167","110416","250 Overlook Road","Asheville","NC",28803,"250 Overlook Road ,  Asheville   NC",-82.5352348,35.487034
"177","111302","419 McDowell Street","Asheville","NC",28803,"419 McDowell Street ,  Asheville   NC",-82.5517436,35.57262
"184","111700","419 McDowell Street","Asheville","NC",28803,"419 McDowell Street ,  Asheville   NC",-82.5517436,35.57262
"187","120310","1001 Burkemont Ave","Morganton","NC",28655,"1001 Burkemont Ave ,  Morganton   NC",-81.6933526,35.7224938
"199","120346","709 Lovelady Road NE","Valdese","NC",28690,"709 Lovelady Road NE ,  Valdese   NC",-81.5692634,35.7389114
"205","120370","701 Enola Road","Morganton","NC",28655,"701 Enola Road ,  Morganton   NC",-81.669386,35.701655
"213","130307","1355 Cox Mill Rd","Concord","NC",28027,"1355 Cox Mill Rd ,  Concord   NC",-80.7288796,35.39528
"232","130326","5130 NW Cabarrus Drive","Concord","NC",28027,"5130 NW Cabarrus Drive ,  Concord   NC",-80.6624834,35.4509811
"238","130332","7321 Raging Ridge Road","Harrisburg","NC",28075,"7321 Raging Ridge Road ,  Harrisburg   NC",-80.6348308,35.307899
"247","130350","1531 Trinity Church Rd","Concord","NC",28027,"1531 Trinity Church Rd ,  Concord   NC",NA,NA
"258","140305","2857 Hickory Boulevard","Hudson","NC",28638,"2857 Hickory Boulevard ,  Hudson   NC",-81.4813708,35.8533189
"262","140309","2859 Hickory Blvd SW","Hudson","NC",28638,"2859 Hickory Blvd SW ,  Hudson   NC",-81.4821992,35.852718
"283","150304","103 US 158 W","Camden","NC",27921,"103 US 158 W ,  Camden   NC",-76.171985,36.326914
"287","150700","103A US Highway 158 W","Camden","NC",27921,"103A US Highway 158 W ,  Camden   NC",-76.1730229,36.327037
"294","160313","3263 Hwy 70 E","Beaufort","NC",28516,"3263 Hwy 70 E ,  Beaufort   NC",-76.6309636,34.7816174
"295","160314","1 Cougar Lane","Newport","NC",28570,"1 Cougar Lane ,  Newport   NC",NA,NA
"303","160344","4700 Country Club Road","Morehead City","NC",28557,"4700 Country Club Road ,  Morehead City   NC",NA,NA
"313","180308","5040 E Bandys Road","Catawba","NC",28609,"5040 E Bandys Road ,  Catawba   NC",-81.0839405,35.6452586
"319","180325","2550 Hwy 70 SE","Hickory","NC",28602,"2550 Hwy 70 SE ,  Hickory   NC",NA,NA
"323","180340","3407 Plateau Road","Newton","NC",28658,"3407 Plateau Road ,  Newton   NC",-81.371724,35.618209
"335","180376","3205 34th Street Drive NE","Hickory","NC",28601,"3205 34th Street Drive NE ,  Hickory   NC",-81.270472,35.774616
"353","182700","301 West 18th St","Newton","NC",28658,"301 West 18th St ,  Newton   NC",-81.222368,35.6795959
"358","190316","14950 NC Hwy 902 W","Bear Creek","NC",27207,"14950 NC Hwy 902 W ,  Bear Creek   NC",-79.4038636,35.6048148
"365","190342","310 Northwood High School Road","Pittsboro","NC",27312,"310 Northwood High School Road ,  Pittsboro   NC",-79.175978,35.757579
"384","200350","4650 E US 64 Alt.","Murphy","NC",28906,"4650 E US 64 Alt. ,  Murphy   NC",-83.9647457,35.067876
"390","220310","205 Yellow Jacket Drive","Hayesville","NC",28904,"205 Yellow Jacket Drive ,  Hayesville   NC",-83.8155092,35.0412733
"397","230322","1800 E. Marion Street","Shelby","NC",28152,"1800 E. Marion Street ,  Shelby   NC",-81.4900083,35.2780759
"408","230350","500 Phifer Road","Kings Mountain","NC",28086,"500 Phifer Road ,  Kings Mountain   NC",-81.3719418,35.2331401
"448","250314","800 College Court","New Bern","NC",28562,"800 College Court ,  New Bern   NC",-77.1022053,35.1103856
"451","250321","104 Middle School Lane","Havelock","NC",28532,"104 Middle School Lane ,  Havelock   NC",-76.8971976,34.8775731
"475","260318","7403 Rockfish Road","Fayetteville","NC",28306,"7403 Rockfish Road ,  Fayetteville   NC",-79.0113511,34.977416
"487","260347","1200 Murchison Rd, J Knuckles Science Annex","Fayetteville","NC",28303,"1200 Murchison Rd, J Knuckles Science Annex ,  Fayetteville   NC",-78.8952089,35.0733686
"490","260354","1200 Murchison Road","Fayetteville","NC",28301,"1200 Murchison Road ,  Fayetteville   NC",-78.8925902,35.0756898
"514","260388","1062 Southern Avenue","Fayetteville","NC",28306,"1062 Southern Avenue ,  Fayetteville   NC",-78.8949183,35.0311393
"554","260700","2201 Hull Road","Fayetteville","NC",28303,"2201 Hull Road ,  Fayetteville   NC",-78.9258784,35.0666422
"560","270311","2966 Caratoke Hwy","Currituck","NC",27929,"2966 Caratoke Hwy ,  Currituck   NC",-76.0152197,36.4448126
"571","280316","829 Wingina Avenue","Manteo","NC",27954,"829 Wingina Avenue ,  Manteo   NC",-75.6749332,35.9142876
"575","280330","100 Veterans Drive","Kill Devil Hills","NC",27948,"100 Veterans Drive ,  Kill Devil Hills   NC",-75.666368,36.0092209
"583","290315","297 DCCC Road","Lexington","NC",27295,"297 DCCC Road ,  Lexington   NC",-80.1805318,35.8674527
"593","290336","140 Jesse Green Road","Thomasville","NC",27360,"140 Jesse Green Road ,  Thomasville   NC",-80.133561,35.96214
"595","290348","7227 Old US Hwy 52","Lexington","NC",27295,"7227 Old US Hwy 52 ,  Lexington   NC",-80.248988,35.9248625
"623","300312","1200 Salisbury Rd","Mocksville","NC",27028,"1200 Salisbury Rd ,  Mocksville   NC",-80.5527861,35.8732382
"624","300314","1211 Salisbury Road","Mocksville","NC",27028,"1211 Salisbury Road ,  Mocksville   NC",-80.5536407,35.8709119
"637","310338","212 James Sprunt Dr","Kenansville","NC",28349,"212 James Sprunt Dr ,  Kenansville   NC",-77.9788071,34.9467096
"651","320309","1801 Fayetteville Street, NCCU-Robinson Science Building","Durham","NC",27707,"1801 Fayetteville Street, NCCU-Robinson Science Building ,  Durham   NC",-78.8981013,35.974737
"658","320317","301 Crutchfield Road","Durham","NC",27704,"301 Crutchfield Road ,  Durham   NC",-78.9023459,36.03825
"681","320353","1637 Lawson Street","Durham","NC",27703,"1637 Lawson Street ,  Durham   NC",-78.880688,35.975381
"704","330326","2009 West Wilson St","Tarboro","NC",27886,"2009 West Wilson St ,  Tarboro   NC",-77.572197,35.879087
"728","340362","2100 Silas Creek Prky","Winston Salem","NC",27103,"2100 Silas Creek Prky ,  Winston Salem   NC",-80.2727328,36.0694251
"754","340446","2100 Silas Creek Parkway","Winston-Salem","NC",27103,"2100 Silas Creek Parkway ,  Winston-Salem   NC",-80.2727328,36.0694251
"759","340454","342 Petree Road","Winston Salem","NC",27106,"342 Petree Road ,  Winston Salem   NC",-80.314093,36.126799
"772","340495","3750 Transou Road","Pfafftown","NC",27040,"3750 Transou Road ,  Pfafftown   NC",-80.364424,36.169053
"773","340496","301 N Hawthorne Road","Winston Salem","NC",27104,"301 N Hawthorne Road ,  Winston Salem   NC",-80.2666731,36.1015327
"788","340556","1735 Lewisville-Clemmons","Clemmons","NC",27012,"1735 Lewisville-Clemmons ,  Clemmons   NC",-80.3882054,36.0635142
"797","350317","8150 NC Highway 56","Louisburg","NC",27549,"8150 NC Highway 56 ,  Louisburg   NC",-78.3285601,36.0868483
"813","360337","Gaston College Lena Sue Beam Bldg, 201 Hwy 321 South","Dallas","NC",28034,"Gaston College Lena Sue Beam Bldg, 201 Hwy 321 South ,  Dallas   NC",-81.1904655,35.3122458
"853","360494","906 South Point Road","Belmont","NC",28012,"906 South Point Road ,  Belmont   NC",-81.0391507,35.2225744
"877","390323","1552 South Campus Dr","Creedmoor","NC",27522,"1552 South Campus Dr ,  Creedmoor   NC",-78.7211228,36.1413341
"888","390700","3200 Webb School Rd","Oxford","NC",27565,"3200 Webb School Rd ,  Oxford   NC",-78.5980053,36.3374749
"893","400315","818 Highway 91","Snow Hill","NC",28580,"818 Highway 91 ,  Snow Hill   NC",-77.6705375,35.4759141
"906","410326","610 Gorrell Street","Greensboro","NC",27406,"610 Gorrell Street ,  Greensboro   NC",-79.7806052,36.0664218
"928","410390","815 West Market Street","Greensboro","NC",27401,"815 West Market Street ,  Greensboro   NC",-79.8013504,36.0717201
"930","410394","801 Westover Terrace","Greensboro","NC",27408,"801 Westover Terrace ,  Greensboro   NC",-79.8153602,36.0829223
"931","410395","5608 West Friendly Avenue","Greensboro","NC",27410,"5608 West Friendly Avenue ,  Greensboro   NC",-79.890105,36.095027
"937","410401","601 East Main Street","Jamestown","NC",27282,"601 East Main Street ,  Jamestown   NC",-79.9188599,35.9982026
"942","410408","901 South Main Street","High Point","NC",27260,"901 South Main Street ,  High Point   NC",-80.0027134,35.9464161
"969","410483","1601 East Market Street","Greensboro","NC",27411,"1601 East Market Street ,  Greensboro   NC",-79.7720482,36.0772801
"974","410489","7101 Spencer Dixon Road","Greensboro","NC",27455,"7101 Spencer Dixon Road ,  Greensboro   NC",-79.8056999,36.208122
"975","410490","5240 Northwest School Road","Greensboro","NC",27409,"5240 Northwest School Road ,  Greensboro   NC",-79.9533469,36.155372
"982","410508","201 Alma Pinnix Drive","Greensboro","NC",27405,"201 Alma Pinnix Drive ,  Greensboro   NC",-79.7851866,36.1090855
"988","410529","1000 Lucy Ragsdale Drive","Jamestown","NC",27282,"1000 Lucy Ragsdale Drive ,  Jamestown   NC",-79.9164009,35.9943517
"998","410545","2225 South Holden Road","Greensboro","NC",27407,"2225 South Holden Road ,  Greensboro   NC",-79.8490393,36.0377694
"999","410547","4530 Southeast School Road","Greensboro","NC",27406,"4530 Southeast School Road ,  Greensboro   NC",-79.6963339,35.97351
"1004","410562","4364 Barrow Road","High Point","NC",27265,"4364 Barrow Road ,  High Point   NC",-79.9888631,36.0468091
"1007","410569","402 Laurel Street","Greensboro","NC",27411,"402 Laurel Street ,  Greensboro   NC",-79.772595,36.0786274
"1012","410579","1408 Walker Avenue","Greensboro","NC",27412,"1408 Walker Avenue ,  Greensboro   NC",-79.8133027,36.0690017
"1018","410595","409 Friendway Road","Greensboro","NC",27410,"409 Friendway Road ,  Greensboro   NC",-79.9078675,36.0822034
"1073","440346","185 Freedlander Drive","Clyde","NC",28721,"185 Freedlander Drive ,  Clyde   NC",-82.9278864,35.5259088
"1093","450334","1 Bearcat Boulevard","Hendersonville","NC",28791,"1 Bearcat Boulevard ,  Hendersonville   NC",-82.4642194,35.3214055
"1098","450341","35 Fruitland Road","Hendersonville","NC",28792,"35 Fruitland Road ,  Hendersonville   NC",-82.4227954,35.3603525
"1103","450352","3600 Haywood Road","Hendersonville","NC",28791,"3600 Haywood Road ,  Hendersonville   NC",-82.5151586,35.3650465
"1104","450354","120 Alumni Way","Flat Rock","NC",28731,"120 Alumni Way ,  Flat Rock   NC",-82.4233147,35.3072653
"1125","470443","1110 East Central Avenue","Raeford","NC",28376,"1110 East Central Avenue ,  Raeford   NC",-79.205574,34.9773629
"1127","480316","120 Schoolhouse Rd","Ocracoke","NC",27960,"120 Schoolhouse Rd ,  Ocracoke   NC",-75.9785378,35.1120452
"1135","490320","500 West Broad Street","Statesville","NC",28677,"500 West Broad Street ,  Statesville   NC",-80.893367,35.7830255
"1140","490335","186 Doolie Road","Mooresville","NC",28117,"186 Doolie Road ,  Mooresville   NC",-80.9027119,35.5964827
"1154","490355","476 N Center St","Statesville","NC",28677,"476 N Center St ,  Statesville   NC",-80.8927468,35.7929942
"1157","490362","299 Old Mountain Rd","Statesville","NC",28677,"299 Old Mountain Rd ,  Statesville   NC",-80.9104741,35.7163686
"1169","491312","659 E Center Ave","Mooresville","NC",28115,"659 E Center Ave ,  Mooresville   NC",-80.8019137,35.5779178
"1177","500323","404 College Drive","Sylva","NC",28779,"404 College Drive ,  Sylva   NC",-83.2050376,35.3483207
"1184","510324","600 S Fayetteville St","Clayton","NC",27520,"600 S Fayetteville St ,  Clayton   NC",-78.4653372,35.649933
"1186","510327","1892 Polenta Rd","Clayton","NC",27520,"1892 Polenta Rd ,  Clayton   NC",-78.4995228,35.5536479
"1191","510333","6875 Applewhite Rd","Wendell","NC",27591,"6875 Applewhite Rd ,  Wendell   NC",-78.33781,35.724761
"1198","510357","245 College Rd","Smithfield","NC",27577,"245 College Rd ,  Smithfield   NC",-78.3309705,35.5019508
"1203","510367","235 College Rd","Smithfield","NC",27577,"235 College Rd ,  Smithfield   NC",-78.3333359,35.5028421
"1221","510406","5935 Raleigh Road","Benson","NC",27504,"5935 Raleigh Road ,  Benson   NC",-78.5381849,35.5237203
"1238","530335","1105 Kelly Drive","Sanford","NC",27330,"1105 Kelly Drive ,  Sanford   NC",-79.1452451,35.471033
"1252","540317","231 Hwy 58 South","Kinston","NC",28502,"231 Hwy 58 South ,  Kinston   NC",-77.5710846,35.2338387
"1268","550320","6471 Hwy 73","Denver","NC",28037,"6471 Hwy 73 ,  Denver   NC",-81.0247213,35.4551672
"1278","550344","2737 Lee Lawing Road","Lincolnton","NC",28092,"2737 Lee Lawing Road ,  Lincolnton   NC",-81.1199807,35.5339484
"1291","560324","545 Pierson Dr","Highlands","NC",28741,"545 Pierson Dr ,  Highlands   NC",-83.1957852,35.0465264
"1293","560329","77 Siler Farm Road","Franklin","NC",28734,"77 Siler Farm Road ,  Franklin   NC",-83.3834774,35.1582638
"1301","570317","800 Bailey Street","Mars Hill","NC",28754,"800 Bailey Street ,  Mars Hill   NC",-82.5523799,35.8356173
"1319","590328","54 College Drive","Marion","NC",28752,"54 College Drive ,  Marion   NC",-81.9620476,35.6555866
"1330","600302","10220 Ardrey Kell Rd","Charlotte","NC",28277,"10220 Ardrey Kell Rd ,  Charlotte   NC",-80.8272254,35.0299517
"1334","600312","12420 Bailey Rd","Cornelius","NC",28031,"12420 Bailey Rd ,  Cornelius   NC",-80.8286096,35.467813
"1345","600334","8120 Grier Rd Suite 171-B","Charlotte","NC",28215,"8120 Grier Rd Suite 171-B ,  Charlotte   NC",-80.7310996,35.265033
"1358","600361","1810 Matthews-Mint Hill Rd","Matthews","NC",28105,"1810 Matthews-Mint Hill Rd ,  Matthews   NC",-80.691217,35.120552
"1366","600377","6800 Monroe Rd","Charlotte","NC",28212,"6800 Monroe Rd ,  Charlotte   NC",-80.7579975,35.1752502
"1394","600426","1967 Patriot Dr","Charlotte","NC",28227,"1967 Patriot Dr ,  Charlotte   NC",-80.6874383,35.1972437
"1408","600443","2728 Campus Ridge Rd","Matthews","NC",28105,"2728 Campus Ridge Rd ,  Matthews   NC",-80.6921386,35.1052746
"1410","600445","3825 Johnston Oehler Rd","Charlotte","NC",28269,"3825 Johnston Oehler Rd ,  Charlotte   NC",-80.7689231,35.3641729
"1424","600466","2400 Colony Rd","Charlotte","NC",28209,"2400 Colony Rd ,  Charlotte   NC",-80.833393,35.170888
"1448","600508","1800 Pineville-Matthews Rd","Charlotte","NC",28270,"1800 Pineville-Matthews Rd ,  Charlotte   NC",-80.7632285,35.1097241
"1464","600535","8900 Park Rd","Charlotte","NC",28210,"8900 Park Rd ,  Charlotte   NC",-80.8608985,35.1101144
"1490","600694","4301 Sandy Porter Rd Suite B","Charlotte","NC",28273,"4301 Sandy Porter Rd Suite B ,  Charlotte   NC",-80.952376,35.157963
"1493","600697","4301 Sandy Porter Rd Suite E","Charlotte","NC",28273,"4301 Sandy Porter Rd Suite E ,  Charlotte   NC",-80.952376,35.157963
"1499","610332","264 Mayland Dr","Spruce Pine","NC",28777,"264 Mayland Dr ,  Spruce Pine   NC",-82.0164144,35.933123
"1523","630336","250 Voit Gilmore Lane","Southern Pines","NC",28387,"250 Voit Gilmore Lane ,  Southern Pines   NC",-79.4348009,35.184817
"1529","630360","1981 Union Church Rd","Cameron","NC",28326,"1981 Union Church Rd ,  Cameron   NC",-79.347126,35.317963
"1551","640347","530 North Old Carriage Road","Rocky Mount","NC",27804,"530 North Old Carriage Road ,  Rocky Mount   NC",-77.901868,35.9853499
"1572","650326","2700 N College Rd","Wilmington","NC",28405,"2700 N College Rd ,  Wilmington   NC",-77.871969,34.297823
"1573","650327","555 Halyburton Memorial Parkwy","Wilmington","NC",28412,"555 Halyburton Memorial Parkwy ,  Wilmington   NC",-77.9110479,34.1005137
"1578","650340","630 MacMillan Avenue","Wilmington","NC",28403,"630 MacMillan Avenue ,  Wilmington   NC",-77.8811648,34.2204535
"1580","650342","4305 Shipyard Blvd","Wilmington","NC",28403,"4305 Shipyard Blvd ,  Wilmington   NC",-77.8921411,34.1998549
"1587","650352","1307 Market St","Wilmington","NC",28401,"1307 Market St ,  Wilmington   NC",-77.9323226,34.2373594
"1599","650394","4500 Blue Clay Rd, WECHS Bldg.ND122","Castle Hayne","NC",28429,"4500 Blue Clay Rd, WECHS Bldg.ND122 ,  Castle Hayne   NC",-77.8801909,34.3228604
"1648","680310","1125 New Grady Brown Sch Rd","Hillsborough","NC",27278,"1125 New Grady Brown Sch Rd ,  Hillsborough   NC",-79.1264455,36.0535062
"1656","680332","500 Orange High Rd","Hillsborough","NC",27278,"500 Orange High Rd ,  Hillsborough   NC",NA,NA
"1661","681305","201 Rock Haven Rd","Carrboro","NC",27510,"201 Rock Haven Rd ,  Carrboro   NC",-79.085512,35.8917753
"1662","681308","1709 High School Rd","Chapel Hill","NC",27516,"1709 High School Rd ,  Chapel Hill   NC",-79.0801089,35.94665
"1667","681314","500 Weaver Dairy Rd","Chapel Hill","NC",27514,"500 Weaver Dairy Rd ,  Chapel Hill   NC",-79.0286605,35.9605513
"1702","710327","100 East Industrial Drive","Burgaw","NC",28425,"100 East Industrial Drive ,  Burgaw   NC",-77.9227714,34.5436516
"1705","710342","245 St. Johns Church Road","Hampstead","NC",28443,"245 St. Johns Church Road ,  Hampstead   NC",-77.6815867,34.3957056
"1733","740333","2006 Worthington Rd","Greenville","NC",27858,"2006 Worthington Rd ,  Greenville   NC",-77.324338,35.530176
"1763","750318","1681 East NC 108 Hwy","Columbus","NC",28722,"1681 East NC 108 Hwy ,  Columbus   NC",-82.1832244,35.2651711
"1785","760354","629 Industrial Park Avenue","Asheboro","NC",27205,"629 Industrial Park Avenue ,  Asheboro   NC",-79.825516,35.6733597
"1816","770349","1042 W Hamlet Ave","Hamlet","NC",28345,"1042 W Hamlet Ave ,  Hamlet   NC",-79.7101011,34.9032115
"1844","780385","5160 Fayetteville Road","Lumberton","NC",28360,"5160 Fayetteville Road ,  Lumberton   NC",-79.006439,34.677103
"1881","790379","NC Hwy 65","Wentworth","NC",27375,"NC Hwy 65 ,  Wentworth   NC",-79.7745253,36.4000004
"1917","800394","1333 Jake Alexander Blvd S","Salisbury","NC",28146,"1333 Jake Alexander Blvd S ,  Salisbury   NC",-80.4809359,35.6402478
"1937","810385","286 ICC Loop Road","Spindale","NC",28160,"286 ICC Loop Road ,  Spindale   NC",-81.9131525,35.3362041
"1944","820324","1801 Sunset Ave","Clinton","NC",28329,"1801 Sunset Ave ,  Clinton   NC",-78.3599458,34.9904375
"1972","830348","1700 Dogwood Mile","Laurinburg","NC",28352,"1700 Dogwood Mile ,  Laurinburg   NC",-79.480606,34.744214
"1995","840361","141 College Drive","Albemarle","NC",28001,"141 College Drive ,  Albemarle   NC",-80.2360883,35.3392812
"2016","850360","1165 Dodgetown Rd","Walnut Cove","NC",27052,"1165 Dodgetown Rd ,  Walnut Cove   NC",-80.1833158,36.3763219
"2021","860316","801 W Main Street","Pilot Mountain","NC",27041,"801 W Main Street ,  Pilot Mountain   NC",-80.47708,36.392992
"2033","860354","630 South Main Street","Dobson","NC",27017,"630 South Main Street ,  Dobson   NC",-80.7161576,36.385371
"2037","861308","334 Elk Spur St","Elkin","NC",28621,"334 Elk Spur St ,  Elkin   NC",-80.860273,36.245632
"2041","862312","1011 N South St","Mount Airy","NC",27030,"1011 N South St ,  Mount Airy   NC",-80.615433,36.5120414
"2048","880308","609 Country Club Rd","Brevard","NC",28712,"609 Country Club Rd ,  Brevard   NC",-82.7426129,35.2031561
"2067","900311","1400 Cuthbertson Rd","Waxhaw","NC",28173,"1400 Cuthbertson Rd ,  Waxhaw   NC",-80.7391584,34.9754301
"2079","900342","2839 Ridge Road","Indian Trail","NC",28079,"2839 Ridge Road ,  Indian Trail   NC",-80.5738762,35.0906014
"2084","900348","3006 Sikes Mill Road","Monroe","NC",28110,"3006 Sikes Mill Road ,  Monroe   NC",-80.4916131,35.0952497
"2092","900360","5211 Old Charlotte Hwy","Monroe","NC",28110,"5211 Old Charlotte Hwy ,  Monroe   NC",-80.6460298,35.0448044
"2097","900366","600 Brewer Dr","Monroe","NC",28112,"600 Brewer Dr ,  Monroe   NC",-80.5674519,34.9719351
"2098","900367","4209A Old Charlotte Hwy","Monroe","NC",28110,"4209A Old Charlotte Hwy ,  Monroe   NC",-80.6204635,35.0312253
"2103","900377","4901 Monroe-Weddington Road","Matthews","NC",28104,"4901 Monroe-Weddington Road ,  Matthews   NC",-80.7254263,35.0013626
"2109","900393","2825 Crane Road","Waxhaw","NC",28173,"2825 Crane Road ,  Waxhaw   NC",-80.7964039,34.9742645
"2125","910382","200 Community College Rd","Henderson","NC",27537,"200 Community College Rd ,  Henderson   NC",-78.488246,36.324434
"2133","920316","1501 Laura Duncan Rd","Apex","NC",27502,"1501 Laura Duncan Rd ,  Apex   NC",-78.838408,35.7458
"2135","920318","1420 Athens Drive","Raleigh","NC",27606,"1420 Athens Drive ,  Raleigh   NC",-78.7113269,35.7686517
"2155","920368","638 Walnut St","Cary","NC",27511,"638 Walnut St ,  Cary   NC",-78.766249,35.7718455
"2184","920428","201 Bengal Blvd","Fuquay-Varina","NC",27526,"201 Bengal Blvd ,  Fuquay-Varina   NC",-78.7968501,35.5967431
"2189","920441","2500 Carpenter Upchurch Road","Cary","NC",27519,"2500 Carpenter Upchurch Road ,  Cary   NC",-78.866736,35.80475
"2193","920445","1150 Forestville Road","Wake Forest","NC",27587,"1150 Forestville Road ,  Wake Forest   NC",-78.5098651,35.94174
"2203","920455","5329 Cass Holt Road","Holly Springs","NC",27540,"5329 Cass Holt Road ,  Holly Springs   NC",-78.848823,35.6289019
"2216","920473","8410 Pride Way","Raleigh","NC",27613,"8410 Pride Way ,  Raleigh   NC",-78.7183918,35.889867
"2224","920495","123 Middle Creek Park Avenue","Apex","NC",27539,"123 Middle Creek Park Avenue ,  Apex   NC",NA,NA
"2240","920526","6770 McCrimmon Parkway","Cary","NC",27519,"6770 McCrimmon Parkway ,  Cary   NC",-78.8885985,35.8302574
"2255","920552","5500 Dixon Drive","Raleigh","NC",27609,"5500 Dixon Drive ,  Raleigh   NC",-78.646573,35.861061
"2269","920582","715 Barbour Dr","Raleigh","NC",27603,"715 Barbour Dr ,  Raleigh   NC",-78.6662784,35.7717648
"2270","920583","2901 Holston Lane","Raleigh","NC",27610,"2901 Holston Lane ,  Raleigh   NC",-78.5846939,35.784928
"2274","920588","420 West Stadium Drive","Wake Forest","NC",27587,"420 West Stadium Drive ,  Wake Forest   NC",-78.5153088,35.98479
"2278","920595","2200 Wakefield Pines Drive","Raleigh","NC",27614,"2200 Wakefield Pines Drive ,  Raleigh   NC",-78.5707299,35.9479635
"2318","950336","300 Go Pioneers Drive","Boone","NC",28607,"300 Go Pioneers Drive ,  Boone   NC",-81.6509389,36.216129
"2350","960490","3000 Wayne Memorial Drive","Goldsboro","NC",27534,"3000 Wayne Memorial Drive ,  Goldsboro   NC",-77.9458926,35.4030535
"2351","960700","700 N Herman St","Goldsboro","NC",27530,"700 N Herman St ,  Goldsboro   NC",-77.9792271,35.3866338
"2369","970388","6598 Boone Trail","Millers Creek","NC",28651,"6598 Boone Trail ,  Millers Creek   NC",-81.2596211,36.1858833
"2373","970393","1328 S Collegiate Dr","Wilkesboro","NC",28697,"1328 S Collegiate Dr ,  Wilkesboro   NC",-81.1827753,36.1371351
"2397","980398","902 Herring St","Wilson","NC",27893,"902 Herring St ,  Wilson   NC",-77.89572,35.7300975
"2410","990332","PO Box 360, 1001 College Drive","Yadkinville","NC",27055,"PO Box 360, 1001 College Drive ,  Yadkinville   NC",-80.673628,36.1479533
"2420","995330","333 Mtn Heritage HS Road","Burnsville","NC",28714,"333 Mtn Heritage HS Road ,  Burnsville   NC",-82.3331875,35.9086347
"123","100326","114 Scorpion Drive","Leland","NC",28451,"114 Scorpion Drive ,  Leland   NC",-78.023383,34.240696
"125","100334","280 Cougar Drive BSL","Southport","NC",28461,"280 Cougar Drive BSL ,  Southport   NC",NA,NA
"133","100348","550 Whiteville Road NW","Shallotte","NC",28470,"550 Whiteville Road NW ,  Shallotte   NC",-78.4099352,33.9811785
"147","110340","60 Lees Creek Road","Asheville","NC",28806,"60 Lees Creek Road ,  Asheville   NC",-82.626562,35.618614
"150","110352","475 Enka Lake Road","Candler","NC",28715,"475 Enka Lake Road ,  Candler   NC",-82.6654673,35.5294497
"189","120314","3695 East Burke Boulevard","Connelly Springs","NC",28612,"3695 East Burke Boulevard ,  Connelly Springs   NC",-81.482611,35.719945
"192","120318","511 Independence Boulevard","Morganton","NC",28655,"511 Independence Boulevard ,  Morganton   NC",-81.7176362,35.7446994
"216","130310","505 Hwy 49 S","Concord","NC",28025,"505 Hwy 49 S ,  Concord   NC",-80.582118,35.362003
"220","130314","481 Burrage Road NE","Concord","NC",28025,"481 Burrage Road NE ,  Concord   NC",-80.5813117,35.4328659
"222","130316","300 Pitts School Road SW","Concord","NC",28027,"300 Pitts School Road SW ,  Concord   NC",-80.6616217,35.3625802
"230","130324","700 Walker Road","Mount Pleasant","NC",28124,"700 Walker Road ,  Mount Pleasant   NC",-80.4821312,35.4076448
"239","130333","133 Stonecrest Circle SW","Concord","NC",28027,"133 Stonecrest Circle SW ,  Concord   NC",-80.5941851,35.3657552
"249","132304","415 E 1st Street","Kannapolis","NC",28083,"415 E 1st Street ,  Kannapolis   NC",-80.6186581,35.4959688
"270","140348","1350 Panther Trail SE","Lenoir","NC",28645,"1350 Panther Trail SE ,  Lenoir   NC",-81.4944495,35.9257745
"278","140386","7035 Spartan Drive","Hudson","NC",28638,"7035 Spartan Drive ,  Hudson   NC",-81.452129,35.82044
"280","140390","300 W Caldwell Drive","Lenoir","NC",28645,"300 W Caldwell Drive ,  Lenoir   NC",-81.5917961,35.8868033
"305","170316","466 Main Street E","Yanceyville","NC",27379,"466 Main Street E ,  Yanceyville   NC",-79.3270991,36.4037802
"316","180320","4675 Oxford School Road","Claremont","NC",28610,"4675 Oxford School Road ,  Claremont   NC",-81.119349,35.7540054
"328","180348","600 West Main Street","Maiden","NC",28650,"600 West Main Street ,  Maiden   NC",NA,NA
"341","181318","409 8th Avenue NE","Hickory","NC",28601,"409 8th Avenue NE ,  Hickory   NC",-81.3310988,35.743252
"342","181322","1234 3rd Street NE","Hickory","NC",28601,"1234 3rd Street NE ,  Hickory   NC",-81.330996,35.750319
"348","182316","338 W 15th Street","Newton","NC",28658,"338 W 15th Street ,  Newton   NC",-81.225474,35.679071
"361","190336","910 East Cardinal Street","Siler City","NC",27344,"910 East Cardinal Street ,  Siler City   NC",-79.4511385,35.7233728
"372","200308","50 High School Drive","Andrews","NC",28901,"50 High School Drive ,  Andrews   NC",-83.8239882,35.1954506
"375","200314","267 Blue Eagle Circle","Murphy","NC",28906,"267 Blue Eagle Circle ,  Murphy   NC",-84.2238855,35.1041082
"380","200328","234 High School Circle","Murphy","NC",28906,"234 High School Circle ,  Murphy   NC",-84.01636,35.100358
"387","210312","600 Woodard Street","Edenton","NC",27932,"600 Woodard Street ,  Edenton   NC",-76.604502,36.06671
"394","230312","307 E Stagecoach Trail","Lawndale","NC",28090,"307 E Stagecoach Trail ,  Lawndale   NC",-81.5321934,35.4190108
"398","230324","800 Old Boiling Springs","Shelby","NC",28152,"800 Old Boiling Springs ,  Shelby   NC",-81.613426,35.274696
"414","230361","230 E Dixon Boulevard","Shelby","NC",28152,"230 E Dixon Boulevard ,  Shelby   NC",-81.536911,35.274073
"426","240334","32 Gator Lane","Lake Waccamaw","NC",28450,"32 Gator Lane ,  Lake Waccamaw   NC",-78.5018429,34.3359734
"433","240371","40 Stallion Drive","Tabor City","NC",28463,"40 Stallion Drive ,  Tabor City   NC",-78.8150803,34.1730981
"435","240373","4564 Chadbourn Hwy","Whiteville","NC",28472,"4564 Chadbourn Hwy ,  Whiteville   NC",-78.785091,34.333368
"437","240380","7294 Andrew Jackson Hwy","Cerro Gordo","NC",28430,"7294 Andrew Jackson Hwy ,  Cerro Gordo   NC",-78.922999,34.328921
"442","241316","413 N Lee Street","Whiteville","NC",28472,"413 N Lee Street ,  Whiteville   NC",-78.7065871,34.3349808
"456","250340","101 Webb Boulevard","Havelock","NC",28532,"101 Webb Boulevard ,  Havelock   NC",-76.892972,34.879907
"460","250356","4200 Academic Drive","New Bern","NC",28562,"4200 Academic Drive ,  New Bern   NC",-77.1160299,35.0995881
"465","250372","2600 Streets Ferry Road","Vanceboro","NC",28586,"2600 Streets Ferry Road ,  Vanceboro   NC",-77.1383846,35.2376529
"478","260322","1624 Ireland Drive","Fayetteville","NC",28304,"1624 Ireland Drive ,  Fayetteville   NC",-78.950225,35.032099
"479","260325","4762 Clinton Road","Fayetteville","NC",28301,"4762 Clinton Road ,  Fayetteville   NC",-78.7637348,35.0343853
"492","260357","5301 Celebration Drive","Hope Mills","NC",28348,"5301 Celebration Drive ,  Hope Mills   NC",-78.9046424,34.9215266
"494","260359","1800 Seabrook Road","Fayetteville","NC",28301,"1800 Seabrook Road ,  Fayetteville   NC",-78.8957584,35.0847821
"526","260408","525 Andrews Road","Fayetteville","NC",28311,"525 Andrews Road ,  Fayetteville   NC",-78.8869153,35.1545967
"528","260411","3200 Ramsey Street","Fayetteville","NC",28301,"3200 Ramsey Street ,  Fayetteville   NC",-78.8759571,35.1016501
"537","260424","6764 Raeford Road","Fayetteville","NC",28304,"6764 Raeford Road ,  Fayetteville   NC",-79.0054624,35.039371
"540","260427","4184 Elk Road","Hope Mills","NC",28348,"4184 Elk Road ,  Hope Mills   NC",-78.9280286,34.9787173
"547","260446","2301 Fort Bragg Road","Fayetteville","NC",28303,"2301 Fort Bragg Road ,  Fayetteville   NC",-78.9150438,35.0652737
"552","260455","277 Bonanza Drive","Fayetteville","NC",28303,"277 Bonanza Drive ,  Fayetteville   NC",-78.9908479,35.0832861
"556","270306","4203 Caratoke Hwy","Barco","NC",27917,"4203 Caratoke Hwy ,  Barco   NC",-75.9679957,36.372479
"566","280304","48576 Highway 12","Buxton","NC",27920,"48576 Highway 12 ,  Buxton   NC",-75.55224,35.2656064
"579","290308","2747 NC Hwy 47","Lexington","NC",27292,"2747 NC Hwy 47 ,  Lexington   NC",-80.2218055,35.7397635
"587","290324","1408 Lake Road","Thomasville","NC",27360,"1408 Lake Road ,  Thomasville   NC",-80.102208,35.850511
"601","290365","14956 South NC Hwy 109","Denton","NC",27239,"14956 South NC Hwy 109 ,  Denton   NC",NA,NA
"608","290388","200 Dragon Drive","Lexington","NC",27295,"200 Dragon Drive ,  Lexington   NC",-80.3658593,35.8045448
"612","291336","26 Penry Street","Lexington","NC",27292,"26 Penry Street ,  Lexington   NC",-80.2499278,35.8327345
"619","292324","410 Unity Street","Thomasville","NC",27360,"410 Unity Street ,  Thomasville   NC",NA,NA
"639","310344","394 North NC Highway 111","Beulaville","NC",28518,"394 North NC Highway 111 ,  Beulaville   NC",-77.7831902,34.9408843
"640","310352","1241 NC 24 & 50","Warsaw","NC",28398,"1241 NC 24 & 50 ,  Warsaw   NC",-79.0885275,35.2739397
"643","310364","1388 West NC 403 Highway","Mt. Olive","NC",28365,"1388 West NC 403 Highway ,  Mt. Olive   NC",-78.0851689,35.133196
"646","310392","602 High School Road","Teachey","NC",28464,"602 High School Road ,  Teachey   NC",NA,NA
"653","320312","6806 Garrett Road","Durham","NC",27707,"6806 Garrett Road ,  Durham   NC",-78.9620817,35.9232466
"665","320325","3727 Fayetteville St","Durham","NC",27707,"3727 Fayetteville St ,  Durham   NC",-78.9035419,35.9532104
"684","320356","117 Tom Wilkinson Road","Durham","NC",27712,"117 Tom Wilkinson Road ,  Durham   NC",-78.9123364,36.0949675
"689","320365","3218 Rose of Sharon Road","Durham","NC",27712,"3218 Rose of Sharon Road ,  Durham   NC",-78.943225,36.065495
"692","320368","800 Clayton Road","Durham","NC",27703,"800 Clayton Road ,  Durham   NC",-78.829234,36.0000791
"700","320701","3727 Fayetteville St","Durham","NC",27707,"3727 Fayetteville St ,  Durham   NC",-78.9035419,35.9532104
"705","330328","7589 NC 33-NW","Tarboro","NC",27886,"7589 NC 33-NW ,  Tarboro   NC",-77.5835479,35.989652
"711","330350","5912 NC 43 North","Pinetops","NC",27864,"5912 NC 43 North ,  Pinetops   NC",-77.657896,35.8366548
"713","330358","1400 Howard Avenue","Tarboro","NC",27886,"1400 Howard Avenue ,  Tarboro   NC",-77.559107,35.9020577
"720","340330","3545 Carver School Road","Winston Salem","NC",27105,"3545 Carver School Road ,  Winston Salem   NC",-80.2071071,36.1342371
"729","340364","2500 W Mountain Street","Kernersville","NC",27284,"2500 W Mountain Street ,  Kernersville   NC",-80.1506945,36.1168362
"735","340382","1600 Union Cross Road","Kernersville","NC",27284,"1600 Union Cross Road ,  Kernersville   NC",-80.113802,36.06778
"761","340460","5705 Shattalon Drive","Winston Salem","NC",27105,"5705 Shattalon Drive ,  Winston Salem   NC",-80.2813366,36.174504
"767","340486","1600 Brewer Road","Winston Salem","NC",27127,"1600 Brewer Road ,  Winston Salem   NC",-80.2573,36.057116
"785","340542","5240 Sullivantown Road","Walkertown","NC",27051,"5240 Sullivantown Road ,  Walkertown   NC",-80.1475757,36.1764287
"793","350308","29 Bunn Elem School Road","Bunn","NC",27508,"29 Bunn Elem School Road ,  Bunn   NC",-78.2499969,35.9539381
"799","350321","910 Cedar Creek Road","Franklinton","NC",27525,"910 Cedar Creek Road ,  Franklinton   NC",-78.4355741,36.0708066
"804","350336","201 Allen Lane","Louisburg","NC",27549,"201 Allen Lane ,  Louisburg   NC",-78.299592,36.110143
"808","360310","2222 S New Hope Road","Gastonia","NC",28054,"2222 S New Hope Road ,  Gastonia   NC",-81.1274274,35.2432229
"812","360336","119 Yellow Jacket Lane","Bessemer City","NC",28016,"119 Yellow Jacket Lane ,  Bessemer City   NC",-81.2807176,35.2979309
"820","360360","313 Ridge Avenue","Cherryville","NC",28021,"313 Ridge Avenue ,  Cherryville   NC",-81.3807788,35.3900913
"824","360378","101 Lakewood Rd","Belmont","NC",28012,"101 Lakewood Rd ,  Belmont   NC",-81.063547,35.246313
"826","360390","1744 Lane Road","Mount Holly","NC",28120,"1744 Lane Road ,  Mount Holly   NC",-81.0758669,35.3152538
"828","360396","5545 Union Road","Gastonia","NC",28056,"5545 Union Road ,  Gastonia   NC",-81.1332759,35.1844584
"834","360428","1518 Edgefield Avenue","Gastonia","NC",28052,"1518 Edgefield Avenue ,  Gastonia   NC",-81.2058749,35.2406312
"846","360470","1133 Ratchford Road","Dallas","NC",28034,"1133 Ratchford Road ,  Dallas   NC",-81.1774991,35.334336
"864","370312","088 Hwy 158 West","Gatesville","NC",27938,"088 Hwy 158 West ,  Gatesville   NC",-76.6917488,36.4507759
"868","380308","301 Sweetwater Road","Robbinsville","NC",28771,"301 Sweetwater Road ,  Robbinsville   NC",-83.7983581,35.3253459
"876","390322","2043 Sanders Rd","Stem","NC",27581,"2043 Sanders Rd ,  Stem   NC",-78.6780082,36.2033329
"878","390324","3200 Webb School Rd","Oxford","NC",27565,"3200 Webb School Rd ,  Oxford   NC",-78.5980053,36.3374749
"889","390704","701 N Crescent Dr","Creedmoor","NC",27522,"701 N Crescent Dr ,  Creedmoor   NC",-78.6735269,36.1244465
"890","390705","701 N Crescent Dr","Creedmoor","NC",27522,"701 N Crescent Dr ,  Creedmoor   NC",-78.6735269,36.1244465
"891","400308","140 School Drive","Snow Hill","NC",28580,"140 School Drive ,  Snow Hill   NC",-77.6703486,35.479783
"916","410355","1200 Lincoln Street","Greensboro","NC",27401,"1200 Lincoln Street ,  Greensboro   NC",-79.7645831,36.0607045
"917","410358","415 Peeden Drive","Gibsonville","NC",27249,"415 Peeden Drive ,  Gibsonville   NC",-79.615576,36.0946279
"970","410484","6700 McLeansville Road","McLeansville","NC",27301,"6700 McLeansville Road ,  McLeansville   NC",-79.6729076,36.158385
"997","410544","2407 South Holden Road","Greensboro","NC",27407,"2407 South Holden Road ,  Greensboro   NC",-79.847112,36.034726
"1002","410556","5700 Drake Road","Greensboro","NC",27406,"5700 Drake Road ,  Greensboro   NC",-79.8556645,35.9489558
"1026","420346","8492 Hwy 48","Littleton","NC",27850,"8492 Hwy 48 ,  Littleton   NC",-77.7858296,36.3866622
"1028","420358","16683 Hwy 125","Halifax","NC",27839,"16683 Hwy 125 ,  Halifax   NC",-77.5518324,36.2188659
"1032","421316","800 Hamilton Street","Roanoke Rapids","NC",27870,"800 Hamilton Street ,  Roanoke Rapids   NC",-77.6538362,36.4588878
"1034","422310","100 College Dr, 600 Building","Weldon","NC",27890,"100 College Dr, 600 Building ,  Weldon   NC",-77.6176477,36.4281834
"1036","422315","415 County Road","Weldon","NC",27890,"415 County Road ,  Weldon   NC",-77.6108078,36.4131869
"1050","430346","2911 Harnett Central Rd","Angier","NC",27501,"2911 Harnett Central Rd ,  Angier   NC",-78.7796742,35.4633853
"1060","430371","2495 Ray Road","Spring Lake","NC",28390,"2495 Ray Road ,  Spring Lake   NC",-78.9696329,35.2454417
"1062","430378","215 Maynard Lake Road","Erwin","NC",28339,"215 Maynard Lake Road ,  Erwin   NC",-78.665226,35.3382634
"1064","430384","10637 NC Hwy 27 West","Lillington","NC",27546,"10637 NC Hwy 27 West ,  Lillington   NC",-78.979966,35.3356747
"1079","440378","1 Black Bear Drive","Canton","NC",28716,"1 Black Bear Drive ,  Canton   NC",-82.8414076,35.5217392
"1080","440390","564 Tuscola School Rd","Waynesville","NC",28786,"564 Tuscola School Rd ,  Waynesville   NC",-82.952652,35.522771
"1087","450316","150 Eagle Pride Drive","East Flat Rock","NC",28726,"150 Eagle Pride Drive ,  East Flat Rock   NC",-82.423742,35.2976487
"1108","460320","1500 W First St","Ahoskie","NC",27910,"1500 W First St ,  Ahoskie   NC",-76.997607,36.2962907
"1109","460322","109 Community College Rd","Ahoskie","NC",27910,"109 Community College Rd ,  Ahoskie   NC",-77.022818,36.325417
"1113","470312","505 S Bethel Road","Raeford","NC",28376,"505 S Bethel Road ,  Raeford   NC",-79.2336953,34.9733043
"1128","480318","20392 Hwy US 264","Swan Quarter","NC",27885,"20392 Hwy US 264 ,  Swan Quarter   NC",-76.218858,35.441462
"1130","490310","350 Old Murdock Rd","Troutman","NC",28166,"350 Old Murdock Rd ,  Troutman   NC",-80.887285,35.714622
"1147","490346","156 Raider Road","Olin","NC",28660,"156 Raider Road ,  Olin   NC",-80.8684276,35.9298162
"1153","490354","474 N Center St","Statesville","NC",28677,"474 N Center St ,  Statesville   NC",-80.8918139,35.7935193
"1162","490380","213 Warrior Dr","Statesville","NC",28677,"213 Warrior Dr ,  Statesville   NC",-80.9915287,35.7938703
"1173","500302","95 Bobcat Dr","Cashiers","NC",28717,"95 Bobcat Dr ,  Cashiers   NC",-83.120435,35.1289796
"1181","500340","100 Smoky Mountain Drive","Sylva","NC",28779,"100 Smoky Mountain Drive ,  Sylva   NC",-83.1994192,35.3938363
"1204","510368","5915 US Hwy 301 N","Kenly","NC",27542,"5915 US Hwy 301 N ,  Kenly   NC",-78.1839837,35.5730057
"1208","510376","101 Dr Donnie H Jones Jr Blvd","Princeton","NC",27569,"101 Dr Donnie H Jones Jr Blvd ,  Princeton   NC",-78.1583805,35.4670913
"1218","510399","700 Booker Dairy Rd","Smithfield","NC",27577,"700 Booker Dairy Rd ,  Smithfield   NC",-78.3240341,35.5297932
"1219","510402","10381 US Hwy 301 S","Four Oaks","NC",27524,"10381 US Hwy 301 S ,  Four Oaks   NC",-78.4976278,35.4068506
"1228","520320","1490 Hwy 58 South","Trenton","NC",28585,"1490 Hwy 58 South ,  Trenton   NC",-77.3340229,35.0332811
"1239","530336","1708 Nash Street","Sanford","NC",27330,"1708 Nash Street ,  Sanford   NC",-79.148382,35.4663929
"1242","530343","2301 Tramway Road","Sanford","NC",27332,"2301 Tramway Road ,  Sanford   NC",-79.1855845,35.435039
"1250","540315","2601 N Queen St","Kinston","NC",28501,"2601 N Queen St ,  Kinston   NC",-77.575268,35.2956029
"1255","540324","2400 Institute Road","La Grange","NC",28551,"2400 Institute Road ,  La Grange   NC",-77.6795963,35.3415753
"1260","540336","3355 Old Hwy 11 South","Deep Run","NC",28525,"3355 Old Hwy 11 South ,  Deep Run   NC",-77.704149,35.146012
"1273","550332","803 N Aspen St","Lincolnton","NC",28092,"803 N Aspen St ,  Lincolnton   NC",-81.260353,35.47962
"1286","550368","172 Shoal Rd","Lincolnton","NC",28092,"172 Shoal Rd ,  Lincolnton   NC",-81.389974,35.485337
"1290","560320","100 Panther Drive","Franklin","NC",28734,"100 Panther Drive ,  Franklin   NC",-83.3821942,35.1764261
"1296","560332","213 Windingstairs Rd","Topton","NC",28781,"213 Windingstairs Rd ,  Topton   NC",-83.6458779,35.2812285
"1302","570318","5740 US Hwy 25-70","Marshall","NC",28753,"5740 US Hwy 25-70 ,  Marshall   NC",-82.6729452,35.8149074
"1310","580344","21077 NC Hwy 903","Robersonville","NC",27871,"21077 NC Hwy 903 ,  Robersonville   NC",-77.243593,35.856241
"1313","580368","1260 Godwin Ave","Williamston","NC",27892,"1260 Godwin Ave ,  Williamston   NC",-77.0677747,35.8387782
"1320","590330","600 McDowell High School Dr","Marion","NC",28752,"600 McDowell High School Dr ,  Marion   NC",-82.0401177,35.7000169
"1349","600341","6200 Starhaven Dr","Charlotte","NC",28215,"6200 Starhaven Dr ,  Charlotte   NC",NA,NA
"1373","600386","1411 Hawthorne Ln","Charlotte","NC",28205,"1411 Hawthorne Ln ,  Charlotte   NC",-80.8146806,35.2286724
"1376","600397","1100 Eastway Dr","Charlotte","NC",28205,"1100 Eastway Dr ,  Charlotte   NC",-80.7833863,35.2417204
"1388","600415","11530 Beatties Ford Rd","Huntersville","NC",28078,"11530 Beatties Ford Rd ,  Huntersville   NC",-80.9110403,35.3792074
"1419","600457","10505 Clear Creek Commerce Dr","Mint Hill","NC",28227,"10505 Clear Creek Commerce Dr ,  Mint Hill   NC",-80.6406798,35.214061
"1430","600480","11201 Old Statesville Rd","Huntersville","NC",28078,"11201 Old Statesville Rd ,  Huntersville   NC",-80.833625,35.372836
"1443","600498","2300 W Sugar Creek Road","Charlotte","NC",28262,"2300 W Sugar Creek Road ,  Charlotte   NC",-80.7966819,35.2950261
"1480","600576","2219 Senior Dr","Charlotte","NC",28216,"2219 Senior Dr ,  Charlotte   NC",-80.8597686,35.2660082
"1482","600579","7400 Tuckaseegee Rd","Charlotte","NC",28214,"7400 Tuckaseegee Rd ,  Charlotte   NC",-80.9520921,35.2473959
"1488","600592","7600 IBM Dr","Charlotte","NC",28262,"7600 IBM Dr ,  Charlotte   NC",-80.7689268,35.3001651
"1489","600693","4301 Sandy Porter Rd Suite D","Charlotte","NC",28273,"4301 Sandy Porter Rd Suite D ,  Charlotte   NC",-80.952376,35.157963
"1492","600696","4301 Sandy Porter Rd Suite C","Charlotte","NC",28273,"4301 Sandy Porter Rd Suite C ,  Charlotte   NC",-80.952376,35.157963
"1500","610334","416 Ledger School Rd","Bakersville","NC",28705,"416 Ledger School Rd ,  Bakersville   NC",-82.117424,35.970355
"1504","620316","157 Eagle Lane","Biscoe","NC",27209,"157 Eagle Lane ,  Biscoe   NC",-79.7781321,35.3393946
"1511","620340","147 Warrior Drive","Mount Gilead","NC",27306,"147 Warrior Drive ,  Mount Gilead   NC",-79.9601527,35.2966485
"1522","630332","1504 North Moore Rd","Robbins","NC",27325,"1504 North Moore Rd ,  Robbins   NC",-79.553745,35.467586
"1550","640346","4279 Nash Central High Road","Rocky Mount","NC",27804,"4279 Nash Central High Road ,  Rocky Mount   NC",-77.8959201,35.9553937
"1553","640350","4230 Green Hills Road","Rocky Mount","NC",27804,"4230 Green Hills Road ,  Rocky Mount   NC",-77.892535,35.998602
"1556","640361","1400 Bethlehem Road","Rocky Mount","NC",27803,"1400 Bethlehem Road ,  Rocky Mount   NC",-77.8357419,35.939355
"1558","640364","6446 Southern Nash High Road","Bailey","NC",27807,"6446 Southern Nash High Road ,  Bailey   NC",-78.0860508,35.8491918
"1609","660336","152 Hurricane Drive","Gaston","NC",27832,"152 Hurricane Drive ,  Gaston   NC",-77.652447,36.5108559
"1617","670320","160 Dixon School Rd","Holly Ridge","NC",28445,"160 Dixon School Rd ,  Holly Ridge   NC",-77.4799947,34.5846325
"1621","670324","1021 Henderson Dr","Jacksonville","NC",28540,"1021 Henderson Dr ,  Jacksonville   NC",-77.425957,34.7836351
"1627","670333","365 Commons Drive South","Jacksonville","NC",28546,"365 Commons Drive South ,  Jacksonville   NC",-77.3887867,34.7915317
"1633","670340","8100 Richlands Hwy","Richlands","NC",28574,"8100 Richlands Hwy ,  Richlands   NC",-77.5440289,34.8917066
"1637","670344","1420 Burgaw Hwy","Jacksonville","NC",28540,"1420 Burgaw Hwy ,  Jacksonville   NC",-77.4826176,34.7501974
"1643","670352","161 Queens Creek Rd","Swansboro","NC",28584,"161 Queens Creek Rd ,  Swansboro   NC",-77.1542979,34.6997616
"1645","670364","1001 Piney Green Rd","Jacksonville","NC",28546,"1001 Piney Green Rd ,  Jacksonville   NC",-77.3487854,34.7691738
"1680","690320","601 Main Street","Bayboro","NC",28515,"601 Main Street ,  Bayboro   NC",-76.778686,35.1415602
"1687","700317","963 Oak Stump Rd","Elizabeth City","NC",27909,"963 Oak Stump Rd ,  Elizabeth City   NC",-76.2567873,36.2860483
"1689","700319","1064 Northside Road","Elizabeth City","NC",27909,"1064 Northside Road ,  Elizabeth City   NC",-76.2735096,36.3654528
"1698","710321","14328 NC Hwy 210","Rocky Point","NC",28457,"14328 NC Hwy 210 ,  Rocky Point   NC",-77.8896794,34.4343921
"1701","710326","5380 NC Hwy 53 W","Burgaw","NC",28425,"5380 NC Hwy 53 W ,  Burgaw   NC",-78.01245,34.5444541
"1712","720316","305 Edenton Road St","Hertford","NC",27944,"305 Edenton Road St ,  Hertford   NC",-76.474272,36.184164
"1719","730352","1010 Ridge Rd","Roxboro","NC",27573,"1010 Ridge Rd ,  Roxboro   NC",-78.9833967,36.4100814
"1727","740309","7653 NC 11 South","Ayden","NC",28513,"7653 NC 11 South ,  Ayden   NC",-77.4312013,35.4302132
"1739","740344","3308 E Wilson Street","Farmville","NC",27828,"3308 E Wilson Street ,  Farmville   NC",-77.5688377,35.5941998
"1744","740366","600 W Arlington Blvd","Greenville","NC",27834,"600 W Arlington Blvd ,  Greenville   NC",NA,NA
"1746","740374","5659 NC 11 North","Bethel","NC",27812,"5659 NC 11 North ,  Bethel   NC",-77.3636,35.747459
"1752","740388","570 W Forlines Road","Winterville","NC",28590,"570 W Forlines Road ,  Winterville   NC",-77.429439,35.542228
"1770","760318","390 Eastern Randolph Rd","Ramseur","NC",27316,"390 Eastern Randolph Rd ,  Ramseur   NC",-79.6181721,35.7584473
"1780","760339","5555 Mack Lineberry Rd","Climax","NC",27233,"5555 Mack Lineberry Rd ,  Climax   NC",-79.7146969,35.8493379
"1783","760348","4396 Tigers Den Rd","Randleman","NC",27317,"4396 Tigers Den Rd ,  Randleman   NC",-79.8209494,35.8265666
"1788","760358","1641 Hopewell Friends Rd","Asheboro","NC",27205,"1641 Hopewell Friends Rd ,  Asheboro   NC",-79.870065,35.6235497
"1795","760380","5746 Trinity High School Rd","Trinity","NC",27370,"5746 Trinity High School Rd ,  Trinity   NC",-79.9979648,35.8938723
"1797","760388","3678 Finch Farm Rd","Trinity","NC",27370,"3678 Finch Farm Rd ,  Trinity   NC",-80.0068526,35.8292659
"1798","761304","1221 S Park St","Asheboro","NC",27203,"1221 S Park St ,  Asheboro   NC",-79.8186435,35.689799
"1815","770348","838 US 1 North","Rockingham","NC",28379,"838 US 1 North ,  Rockingham   NC",-79.715888,34.9496275
"1825","780325","5419 Old Stage Road","Fairmont","NC",28340,"5419 Old Stage Road ,  Fairmont   NC",-79.094735,34.4797693
"1834","780342","3901 Fayetteville Rd","Lumberton","NC",28358,"3901 Fayetteville Rd ,  Lumberton   NC",-78.9977661,34.6470078
"1846","780391","509 N Vance Street","Red Springs","NC",28377,"509 N Vance Street ,  Red Springs   NC",-79.1866101,34.8231547
"1853","780401","648 North Stage Rd","Saint Pauls","NC",28384,"648 North Stage Rd ,  Saint Pauls   NC",-78.9769109,34.8146935
"1854","780402","3268 South Robeson Rd","Rowland","NC",28383,"3268 South Robeson Rd ,  Rowland   NC",-79.2532334,34.5453638
"1863","780420","11344 Deep Branch Road","Pembroke","NC",28372,"11344 Deep Branch Road ,  Pembroke   NC",-79.2467008,34.695558
"1866","790314","6845 Hwy 135","Mayodan","NC",27027,"6845 Hwy 135 ,  Mayodan   NC",-79.9426166,36.4172668
"1875","790354","134 N Pierce St","Eden","NC",27288,"134 N Pierce St ,  Eden   NC",-79.735951,36.505088
"1878","790366","1901 S Park Dr","Reidsville","NC",27320,"1901 S Park Dr ,  Reidsville   NC",-79.675195,36.329975
"1880","790378","180 High School Rd","Reidsville","NC",27320,"180 High School Rd ,  Reidsville   NC",NA,NA
"1897","800340","175 St Luke's Church Rd","Salisbury","NC",28146,"175 St Luke's Church Rd ,  Salisbury   NC",-80.4225268,35.5931729
"1906","800361","290 Kress Venture Dr","China Grove","NC",28023,"290 Kress Venture Dr ,  China Grove   NC",-80.5437339,35.5659986
"1914","800376","300 North Whitehead Ave","Spencer","NC",28159,"300 North Whitehead Ave ,  Spencer   NC",-80.4294357,35.6973332
"1918","800396","500 Lincolnton Rd","Salisbury","NC",28144,"500 Lincolnton Rd ,  Salisbury   NC",-80.484865,35.6648179
"1920","800400","1655 Patterson St","China Grove","NC",28023,"1655 Patterson St ,  China Grove   NC",-80.610293,35.572984
"1921","800408","8050 NC 801 Hwy","Mount Ulla","NC",28125,"8050 NC 801 Hwy ,  Mount Ulla   NC",-80.6439773,35.6987181
"1924","810324","1603 Chase High Rd","Forest City","NC",28043,"1603 Chase High Rd ,  Forest City   NC",-81.8430129,35.2502768
"1928","810340","331 East High Rd","Bostic","NC",28018,"331 East High Rd ,  Bostic   NC",-81.8178248,35.3408462
"1936","810384","641 Hwy 221 North","Rutherfordton","NC",28139,"641 Hwy 221 North ,  Rutherfordton   NC",-81.9676299,35.4026798
"1948","820348","12201 Hobbton Hwy","Newton Grove","NC",28366,"12201 Hobbton Hwy ,  Newton Grove   NC",-78.3286385,35.1776746
"1949","820349","245 Lakewood School Rd","Salemburg","NC",28385,"245 Lakewood School Rd ,  Salemburg   NC",-78.5007858,34.9909373
"1951","820352","15274 Spiveys Corner Highway","Newton Grove","NC",28366,"15274 Spiveys Corner Highway ,  Newton Grove   NC",NA,NA
"1959","820388","1189 Kader Merritt Road","Rose Hill","NC",28458,"1189 Kader Merritt Road ,  Rose Hill   NC",-78.242059,34.808835
"1961","821308","340 Indian Town Road","Clinton","NC",28328,"340 Indian Town Road ,  Clinton   NC",-78.3303167,34.9718577
"1971","830343","1000 West Church St","Laurinburg","NC",28352,"1000 West Church St ,  Laurinburg   NC",NA,NA
"1977","840302","311 Park Ridge Road","Albemarle","NC",28001,"311 Park Ridge Road ,  Albemarle   NC",-80.192856,35.371967
"1987","840332","40206 US Hwy 52 N","New London","NC",28127,"40206 US Hwy 52 N ,  New London   NC",-80.2110206,35.4267743
"1992","840356","40488 S Stanly School Rd","Norwood","NC",28128,"40488 S Stanly School Rd ,  Norwood   NC",NA,NA
"1996","840368","306 East Red Cross Road","Oakboro","NC",28129,"306 East Red Cross Road ,  Oakboro   NC",-80.3467846,35.2677326
"2005","850332","1350 N Stokes Sch Rd","Danbury","NC",27016,"1350 N Stokes Sch Rd ,  Danbury   NC",-80.28031,36.464439
"2012","850352","1100 S Stokes High Drive","Walnut Cove","NC",27052,"1100 S Stokes High Drive ,  Walnut Cove   NC",NA,NA
"2015","850358","1400 Priddy Road","King","NC",27021,"1400 Priddy Road ,  King   NC",-80.3758359,36.3140098
"2027","860336","2440 W Pine Street","Mount Airy","NC",27030,"2440 W Pine Street ,  Mount Airy   NC",-80.673766,36.504944
"2032","860352","716 South Main Street","Dobson","NC",27017,"716 South Main Street ,  Dobson   NC",-80.7148274,36.3817857
"2043","870314","1415 Fontana Road","Bryson City","NC",28713,"1415 Fontana Road ,  Bryson City   NC",-83.4563177,35.4472269
"2053","880328","749 Pickens Hwy","Rosman","NC",28772,"749 Pickens Hwy ,  Rosman   NC",-82.8215056,35.1446572
"2056","890304","902 Main St","Columbia","NC",27925,"902 Main St ,  Columbia   NC",-76.246185,35.919445
"2070","900316","100 Forest Hills School Rd","Marshville","NC",28103,"100 Forest Hills School Rd ,  Marshville   NC",-80.414609,34.979545
"2076","900336","1 High School Dr","Monroe","NC",28112,"1 High School Dr ,  Monroe   NC",-80.5268582,34.9724281
"2081","900344","3220 Parkwood School Rd","Monroe","NC",28112,"3220 Parkwood School Rd ,  Monroe   NC",-80.6305633,34.9013369
"2120","910364","925 Garrett Road","Henderson","NC",27537,"925 Garrett Road ,  Henderson   NC",-78.377718,36.3004396
"2122","910370","293 Warrenton Road","Henderson","NC",27537,"293 Warrenton Road ,  Henderson   NC",-78.3742753,36.3506061
"2175","920411","5101 Rolesville Rd","Wendell","NC",27591,"5101 Rolesville Rd ,  Wendell   NC",-78.4245084,35.814153
"2209","920466","100 Bryan Chalk Lane","Knightdale","NC",27545,"100 Bryan Chalk Lane ,  Knightdale   NC",-78.4764343,35.8115079
"2251","920546","1099 East Young St","Rolesville","NC",27571,"1099 East Young St ,  Rolesville   NC",-78.4413997,35.9059058
"2268","920581","2200 S Wilmington St","Raleigh","NC",27603,"2200 S Wilmington St ,  Raleigh   NC",-78.6432426,35.7528333
"2301","930352","149 Campus Drive","Warrenton","NC",27589,"149 Campus Drive ,  Warrenton   NC",-78.1676608,36.4326057
"2303","930360","210 Ridgeway St","Warrenton","NC",27589,"210 Ridgeway St ,  Warrenton   NC",-78.1553541,36.4028262
"2304","930700","219 US Hwy 158 Bypass","Warrenton","NC",27589,"219 US Hwy 158 Bypass ,  Warrenton   NC",-78.1711762,36.4337896
"2306","940308","115 West Middle Street","Creswell","NC",27928,"115 West Middle Street ,  Creswell   NC",-76.3971817,35.8688375
"2308","940316","800 E Main St","Plymouth","NC",27962,"800 E Main St ,  Plymouth   NC",-76.7385947,35.8703381
"2324","960324","5460 US 117 North","Pikeville","NC",27863,"5460 US 117 North ,  Pikeville   NC",-77.9790035,35.5094989
"2327","960330","1135 New Hope Road","Goldsboro","NC",27534,"1135 New Hope Road ,  Goldsboro   NC",-77.8817875,35.3770892
"2330","960335","901 E Beech Street","Goldsboro","NC",27530,"901 E Beech Street ,  Goldsboro   NC",-77.9796645,35.3871146
"2338","960372","900 Rosewood Road","Goldsboro","NC",27530,"900 Rosewood Road ,  Goldsboro   NC",-78.0751134,35.4160614
"2341","960380","124 Walter Fulcher Rd","Dudley","NC",28333,"124 Walter Fulcher Rd ,  Dudley   NC",-78.0457642,35.2536839
"2343","960386","4340 Indian Springs Rd","Seven Springs","NC",28578,"4340 Indian Springs Rd ,  Seven Springs   NC",-77.899039,35.2269859
"2356","970320","13315 Elkin Hwy 268","Ronda","NC",28670,"13315 Elkin Hwy 268 ,  Ronda   NC",NA,NA
"2363","970356","2986 Traphill Rd","Hays","NC",28635,"2986 Traphill Rd ,  Hays   NC",-81.0983591,36.2824651
"2371","970390","1179 Moravian Falls Rd","Wilkesboro","NC",28697,"1179 Moravian Falls Rd ,  Wilkesboro   NC",-81.1756953,36.1159631
"2377","980318","4510 Old Stantonsburg Rd","Wilson","NC",27893,"4510 Old Stantonsburg Rd ,  Wilson   NC",-77.8758512,35.6600796
"2380","980336","500 Harrison Dr N","Wilson","NC",27893,"500 Harrison Dr N ,  Wilson   NC",-77.9219147,35.7534636
"2383","980342","4559 Lamm Rd","Wilson","NC",27893,"4559 Lamm Rd ,  Wilson   NC",NA,NA
"2405","990322","1525 Falcon Road","East Bend","NC",27018,"1525 Falcon Road ,  East Bend   NC",-80.557878,36.144049
"2408","990326","2516 Longtown Rd","Boonville","NC",27011,"2516 Longtown Rd ,  Boonville   NC",-80.7713097,36.182533
